schemaname,tablename,indexname,indexdef
public,ai_attribute_contexts,ai_attribute_contexts_pkey,CREATE UNIQUE INDEX ai_attribute_contexts_pkey ON public.ai_attribute_contexts USING btree (id)
public,ai_attribute_contexts,idx_ai_attribute_contexts_attribute,CREATE INDEX idx_ai_attribute_contexts_attribute ON public.ai_attribute_contexts USING btree (attribute_id)
public,ai_attribute_contexts,idx_ai_attribute_contexts_keywords,CREATE INDEX idx_ai_attribute_contexts_keywords ON public.ai_attribute_contexts USING gin (keywords)
public,ai_attribute_contexts,idx_ai_attribute_contexts_type,CREATE INDEX idx_ai_attribute_contexts_type ON public.ai_attribute_contexts USING btree (context_type)
public,ai_metadata_contexts,ai_metadata_contexts_context_name_key,CREATE UNIQUE INDEX ai_metadata_contexts_context_name_key ON public.ai_metadata_contexts USING btree (context_name)
public,ai_metadata_contexts,ai_metadata_contexts_pkey,CREATE UNIQUE INDEX ai_metadata_contexts_pkey ON public.ai_metadata_contexts USING btree (id)
public,ai_prompt_contexts,ai_prompt_contexts_context_name_key,CREATE UNIQUE INDEX ai_prompt_contexts_context_name_key ON public.ai_prompt_contexts USING btree (context_name)
public,ai_prompt_contexts,ai_prompt_contexts_pkey,CREATE UNIQUE INDEX ai_prompt_contexts_pkey ON public.ai_prompt_contexts USING btree (id)
public,ai_training_examples,ai_training_examples_pkey,CREATE UNIQUE INDEX ai_training_examples_pkey ON public.ai_training_examples USING btree (id)
public,ai_training_examples,idx_ai_training_examples_attribute,CREATE INDEX idx_ai_training_examples_attribute ON public.ai_training_examples USING btree (attribute_id)
public,ai_training_examples,idx_ai_training_examples_type,CREATE INDEX idx_ai_training_examples_type ON public.ai_training_examples USING btree (example_type)
public,attribute_cluster_memberships,attribute_cluster_memberships_attribute_id_cluster_id_key,"CREATE UNIQUE INDEX attribute_cluster_memberships_attribute_id_cluster_id_key ON public.attribute_cluster_memberships USING btree (attribute_id, cluster_id)"
public,attribute_cluster_memberships,attribute_cluster_memberships_pkey,CREATE UNIQUE INDEX attribute_cluster_memberships_pkey ON public.attribute_cluster_memberships USING btree (id)
public,attribute_cluster_memberships,idx_attribute_cluster_memberships_strength,CREATE INDEX idx_attribute_cluster_memberships_strength ON public.attribute_cluster_memberships USING btree (membership_strength)
public,attribute_cluster_memberships,idx_attribute_cluster_memberships_type,CREATE INDEX idx_attribute_cluster_memberships_type ON public.attribute_cluster_memberships USING btree (membership_type)
public,attribute_documentation,attribute_documentation_pkey,CREATE UNIQUE INDEX attribute_documentation_pkey ON public.attribute_documentation USING btree (id)
public,attribute_documentation,idx_attribute_documentation_attribute,CREATE INDEX idx_attribute_documentation_attribute ON public.attribute_documentation USING btree (attribute_id)
public,attribute_domain_mappings,attribute_domain_mappings_attribute_id_domain_id_key,"CREATE UNIQUE INDEX attribute_domain_mappings_attribute_id_domain_id_key ON public.attribute_domain_mappings USING btree (attribute_id, domain_id)"
public,attribute_domain_mappings,attribute_domain_mappings_pkey,CREATE UNIQUE INDEX attribute_domain_mappings_pkey ON public.attribute_domain_mappings USING btree (id)
public,attribute_domain_mappings,idx_attribute_domain_mappings_attribute,CREATE INDEX idx_attribute_domain_mappings_attribute ON public.attribute_domain_mappings USING btree (attribute_id)
public,attribute_domain_mappings,idx_attribute_domain_mappings_domain,CREATE INDEX idx_attribute_domain_mappings_domain ON public.attribute_domain_mappings USING btree (domain_id)
public,attribute_filter_configurations,attribute_filter_configurations_filter_name_key,CREATE UNIQUE INDEX attribute_filter_configurations_filter_name_key ON public.attribute_filter_configurations USING btree (filter_name)
public,attribute_filter_configurations,attribute_filter_configurations_pkey,CREATE UNIQUE INDEX attribute_filter_configurations_pkey ON public.attribute_filter_configurations USING btree (id)
public,attribute_lineage,attribute_lineage_pkey,CREATE UNIQUE INDEX attribute_lineage_pkey ON public.attribute_lineage USING btree (id)
public,attribute_lineage,attribute_lineage_target_attribute_id_source_attribute_id_l_key,"CREATE UNIQUE INDEX attribute_lineage_target_attribute_id_source_attribute_id_l_key ON public.attribute_lineage USING btree (target_attribute_id, source_attribute_id, lineage_type)"
public,attribute_lineage,idx_attribute_lineage_source,CREATE INDEX idx_attribute_lineage_source ON public.attribute_lineage USING btree (source_attribute_id)
public,attribute_lineage,idx_attribute_lineage_target,CREATE INDEX idx_attribute_lineage_target ON public.attribute_lineage USING btree (target_attribute_id)
public,attribute_objects,attribute_objects_pkey,CREATE UNIQUE INDEX attribute_objects_pkey ON public.attribute_objects USING btree (id)
public,attribute_objects,attribute_objects_resource_id_attribute_name_key,"CREATE UNIQUE INDEX attribute_objects_resource_id_attribute_name_key ON public.attribute_objects USING btree (resource_id, attribute_name)"
public,attribute_objects,idx_ai_enhanced_view_full_text,"CREATE INDEX idx_ai_enhanced_view_full_text ON public.attribute_objects USING gin (to_tsvector('english'::regconfig, (((((((((COALESCE(attribute_name, ''::character varying))::text || ' '::text) || COALESCE(description, ''::text)) || ' '::text) || COALESCE(extended_description, ''::text)) || ' '::text) || COALESCE(business_context, ''::text)) || ' '::text) || COALESCE(technical_context, ''::text))))"
public,attribute_objects,idx_attribute_comprehensive_search,"CREATE INDEX idx_attribute_comprehensive_search ON public.attribute_objects USING gin (to_tsvector('english'::regconfig, (((((((((COALESCE(attribute_name, ''::character varying))::text || ' '::text) || COALESCE(description, ''::text)) || ' '::text) || COALESCE(extended_description, ''::text)) || ' '::text) || COALESCE(business_context, ''::text)) || ' '::text) || COALESCE(technical_context, ''::text))))"
public,attribute_objects,idx_attribute_objects_ai_context,CREATE INDEX idx_attribute_objects_ai_context ON public.attribute_objects USING gin (ai_context)
public,attribute_objects,idx_attribute_objects_class,CREATE INDEX idx_attribute_objects_class ON public.attribute_objects USING btree (attribute_class)
public,attribute_objects,idx_attribute_objects_derivation_deps,CREATE INDEX idx_attribute_objects_derivation_deps ON public.attribute_objects USING gin (derivation_dependencies)
public,attribute_objects,idx_attribute_objects_embedding,CREATE INDEX idx_attribute_objects_embedding ON public.attribute_objects USING ivfflat (embedding_vector vector_cosine_ops)
public,attribute_objects,idx_attribute_objects_embedding_cosine,CREATE INDEX idx_attribute_objects_embedding_cosine ON public.attribute_objects USING ivfflat (embedding_vector vector_cosine_ops) WITH (lists='100')
public,attribute_objects,idx_attribute_objects_group,CREATE INDEX idx_attribute_objects_group ON public.attribute_objects USING btree (ui_group)
public,attribute_objects,idx_attribute_objects_name,CREATE INDEX idx_attribute_objects_name ON public.attribute_objects USING btree (attribute_name)
public,attribute_objects,idx_attribute_objects_resource,CREATE INDEX idx_attribute_objects_resource ON public.attribute_objects USING btree (resource_id)
public,attribute_objects,idx_attribute_objects_search_keywords,CREATE INDEX idx_attribute_objects_search_keywords ON public.attribute_objects USING gin (search_keywords)
public,attribute_objects,idx_attribute_objects_semantic_tags,CREATE INDEX idx_attribute_objects_semantic_tags ON public.attribute_objects USING gin (semantic_tags)
public,attribute_objects,idx_attribute_objects_ui_component,CREATE INDEX idx_attribute_objects_ui_component ON public.attribute_objects USING btree (ui_component_type)
public,attribute_objects,idx_attribute_objects_visibility,CREATE INDEX idx_attribute_objects_visibility ON public.attribute_objects USING btree (visibility_scope)
public,attribute_persistence_mappings,attribute_persistence_mapping_attribute_id_persistence_enti_key,"CREATE UNIQUE INDEX attribute_persistence_mapping_attribute_id_persistence_enti_key ON public.attribute_persistence_mappings USING btree (attribute_id, persistence_entity_id)"
public,attribute_persistence_mappings,attribute_persistence_mappings_pkey,CREATE UNIQUE INDEX attribute_persistence_mappings_pkey ON public.attribute_persistence_mappings USING btree (id)
public,attribute_persistence_mappings,idx_attribute_persistence_mappings_attribute,CREATE INDEX idx_attribute_persistence_mappings_attribute ON public.attribute_persistence_mappings USING btree (attribute_id)
public,attribute_persistence_mappings,idx_attribute_persistence_mappings_entity,CREATE INDEX idx_attribute_persistence_mappings_entity ON public.attribute_persistence_mappings USING btree (persistence_entity_id)
public,attribute_perspectives,attribute_perspectives_attribute_id_perspective_name_key,"CREATE UNIQUE INDEX attribute_perspectives_attribute_id_perspective_name_key ON public.attribute_perspectives USING btree (attribute_id, perspective_name)"
public,attribute_perspectives,attribute_perspectives_pkey,CREATE UNIQUE INDEX attribute_perspectives_pkey ON public.attribute_perspectives USING btree (id)
public,attribute_perspectives,idx_attribute_perspectives_attr,CREATE INDEX idx_attribute_perspectives_attr ON public.attribute_perspectives USING btree (attribute_id)
public,attribute_perspectives,idx_attribute_perspectives_name,CREATE INDEX idx_attribute_perspectives_name ON public.attribute_perspectives USING btree (perspective_name)
public,attribute_relationships,attribute_relationships_pkey,CREATE UNIQUE INDEX attribute_relationships_pkey ON public.attribute_relationships USING btree (id)
public,attribute_relationships,attribute_relationships_source_attribute_id_target_attribut_key,"CREATE UNIQUE INDEX attribute_relationships_source_attribute_id_target_attribut_key ON public.attribute_relationships USING btree (source_attribute_id, target_attribute_id, relationship_type)"
public,attribute_semantic_relationships,attribute_semantic_relationships_pkey,CREATE UNIQUE INDEX attribute_semantic_relationships_pkey ON public.attribute_semantic_relationships USING btree (id)
public,attribute_semantic_relationships,idx_attribute_semantic_relationships_source,CREATE INDEX idx_attribute_semantic_relationships_source ON public.attribute_semantic_relationships USING btree (source_attribute_id)
public,attribute_semantic_relationships,idx_attribute_semantic_relationships_target,CREATE INDEX idx_attribute_semantic_relationships_target ON public.attribute_semantic_relationships USING btree (target_attribute_id)
public,attribute_sources,attribute_sources_pkey,CREATE UNIQUE INDEX attribute_sources_pkey ON public.attribute_sources USING btree (id)
public,attribute_sources,attribute_sources_source_key_key,CREATE UNIQUE INDEX attribute_sources_source_key_key ON public.attribute_sources USING btree (source_key)
public,attribute_tag_assignments,attribute_tag_assignments_attribute_id_tag_id_key,"CREATE UNIQUE INDEX attribute_tag_assignments_attribute_id_tag_id_key ON public.attribute_tag_assignments USING btree (attribute_id, tag_id)"
public,attribute_tag_assignments,attribute_tag_assignments_pkey,CREATE UNIQUE INDEX attribute_tag_assignments_pkey ON public.attribute_tag_assignments USING btree (id)
public,attribute_tag_assignments,idx_attribute_tag_assignments_confidence,CREATE INDEX idx_attribute_tag_assignments_confidence ON public.attribute_tag_assignments USING btree (assignment_confidence)
public,attribute_tags,attribute_tags_pkey,CREATE UNIQUE INDEX attribute_tags_pkey ON public.attribute_tags USING btree (id)
public,attribute_tags,attribute_tags_tag_name_key,CREATE UNIQUE INDEX attribute_tags_tag_name_key ON public.attribute_tags USING btree (tag_name)
public,attribute_tags,idx_attribute_tags_category,CREATE INDEX idx_attribute_tags_category ON public.attribute_tags USING btree (tag_category)
public,attribute_terminology_links,attribute_terminology_links_attribute_id_term_id_relationsh_key,"CREATE UNIQUE INDEX attribute_terminology_links_attribute_id_term_id_relationsh_key ON public.attribute_terminology_links USING btree (attribute_id, term_id, relationship_type)"
public,attribute_terminology_links,attribute_terminology_links_pkey,CREATE UNIQUE INDEX attribute_terminology_links_pkey ON public.attribute_terminology_links USING btree (id)
public,attribute_value_audit,attribute_value_audit_pkey,CREATE UNIQUE INDEX attribute_value_audit_pkey ON public.attribute_value_audit USING btree (id)
public,attribute_value_audit,idx_attribute_value_audit_attribute,CREATE INDEX idx_attribute_value_audit_attribute ON public.attribute_value_audit USING btree (attribute_id)
public,attribute_value_audit,idx_attribute_value_audit_entity_instance,CREATE INDEX idx_attribute_value_audit_entity_instance ON public.attribute_value_audit USING btree (entity_instance_id)
public,attribute_value_audit,idx_attribute_value_audit_timestamp,CREATE INDEX idx_attribute_value_audit_timestamp ON public.attribute_value_audit USING btree (change_timestamp)
public,attribute_vector_clusters,attribute_vector_clusters_cluster_name_key,CREATE UNIQUE INDEX attribute_vector_clusters_cluster_name_key ON public.attribute_vector_clusters USING btree (cluster_name)
public,attribute_vector_clusters,attribute_vector_clusters_pkey,CREATE UNIQUE INDEX attribute_vector_clusters_pkey ON public.attribute_vector_clusters USING btree (id)
public,attribute_vector_clusters,idx_attribute_vector_clusters_type,CREATE INDEX idx_attribute_vector_clusters_type ON public.attribute_vector_clusters USING btree (cluster_type)
public,business_attributes,business_attributes_entity_name_attribute_name_key,"CREATE UNIQUE INDEX business_attributes_entity_name_attribute_name_key ON public.business_attributes USING btree (entity_name, attribute_name)"
public,business_attributes,business_attributes_pkey,CREATE UNIQUE INDEX business_attributes_pkey ON public.business_attributes USING btree (id)
public,business_attributes,idx_business_attrs_entity,CREATE INDEX idx_business_attrs_entity ON public.business_attributes USING btree (entity_name)
public,cbu_entity_associations,cbu_entity_associations_cbu_id_entity_id_association_type_key,"CREATE UNIQUE INDEX cbu_entity_associations_cbu_id_entity_id_association_type_key ON public.cbu_entity_associations USING btree (cbu_id, entity_id, association_type)"
public,cbu_entity_associations,cbu_entity_associations_pkey,CREATE UNIQUE INDEX cbu_entity_associations_pkey ON public.cbu_entity_associations USING btree (id)
public,cbu_entity_associations,idx_cbu_entity_active,CREATE INDEX idx_cbu_entity_active ON public.cbu_entity_associations USING btree (active_in_cbu)
public,cbu_entity_associations,idx_cbu_entity_cbu,CREATE INDEX idx_cbu_entity_cbu ON public.cbu_entity_associations USING btree (cbu_id)
public,cbu_entity_associations,idx_cbu_entity_entity,CREATE INDEX idx_cbu_entity_entity ON public.cbu_entity_associations USING btree (entity_id)
public,cbu_entity_associations,idx_cbu_entity_type,CREATE INDEX idx_cbu_entity_type ON public.cbu_entity_associations USING btree (association_type)
public,cbu_members,cbu_members_cbu_id_entity_id_role_id_key,"CREATE UNIQUE INDEX cbu_members_cbu_id_entity_id_role_id_key ON public.cbu_members USING btree (cbu_id, entity_id, role_id)"
public,cbu_members,cbu_members_pkey,CREATE UNIQUE INDEX cbu_members_pkey ON public.cbu_members USING btree (id)
public,cbu_members,idx_cbu_members_active,CREATE INDEX idx_cbu_members_active ON public.cbu_members USING btree (is_active)
public,cbu_members,idx_cbu_members_cbu_id,CREATE INDEX idx_cbu_members_cbu_id ON public.cbu_members USING btree (cbu_id)
public,cbu_members,idx_cbu_members_effective_date,CREATE INDEX idx_cbu_members_effective_date ON public.cbu_members USING btree (effective_date)
public,cbu_members,idx_cbu_members_entity_id,CREATE INDEX idx_cbu_members_entity_id ON public.cbu_members USING btree (entity_id)
public,cbu_members,idx_cbu_members_entity_lei,CREATE INDEX idx_cbu_members_entity_lei ON public.cbu_members USING btree (entity_lei)
public,cbu_members,idx_cbu_members_primary,CREATE INDEX idx_cbu_members_primary ON public.cbu_members USING btree (is_primary)
public,cbu_members,idx_cbu_members_role_id,CREATE INDEX idx_cbu_members_role_id ON public.cbu_members USING btree (role_id)
public,cbu_product_subscriptions,cbu_product_subscriptions_cbu_id_product_id_key,"CREATE UNIQUE INDEX cbu_product_subscriptions_cbu_id_product_id_key ON public.cbu_product_subscriptions USING btree (cbu_id, product_id)"
public,cbu_product_subscriptions,cbu_product_subscriptions_pkey,CREATE UNIQUE INDEX cbu_product_subscriptions_pkey ON public.cbu_product_subscriptions USING btree (id)
public,cbu_product_subscriptions,idx_cbu_subscriptions_cbu,CREATE INDEX idx_cbu_subscriptions_cbu ON public.cbu_product_subscriptions USING btree (cbu_id)
public,cbu_product_subscriptions,idx_cbu_subscriptions_product,CREATE INDEX idx_cbu_subscriptions_product ON public.cbu_product_subscriptions USING btree (product_id)
public,cbu_product_subscriptions,idx_cbu_subscriptions_status,CREATE INDEX idx_cbu_subscriptions_status ON public.cbu_product_subscriptions USING btree (subscription_status)
public,cbu_roles,cbu_roles_pkey,CREATE UNIQUE INDEX cbu_roles_pkey ON public.cbu_roles USING btree (id)
public,cbu_roles,cbu_roles_role_code_key,CREATE UNIQUE INDEX cbu_roles_role_code_key ON public.cbu_roles USING btree (role_code)
public,cbu_roles,idx_cbu_roles_active,CREATE INDEX idx_cbu_roles_active ON public.cbu_roles USING btree (is_active)
public,cbu_roles,idx_cbu_roles_category,CREATE INDEX idx_cbu_roles_category ON public.cbu_roles USING btree (role_category)
public,cbu_roles,idx_cbu_roles_code,CREATE INDEX idx_cbu_roles_code ON public.cbu_roles USING btree (role_code)
public,cbu_service_resources,cbu_service_resources_cbu_id_service_id_resource_id_key,"CREATE UNIQUE INDEX cbu_service_resources_cbu_id_service_id_resource_id_key ON public.cbu_service_resources USING btree (cbu_id, service_id, resource_id)"
public,cbu_service_resources,cbu_service_resources_pkey,CREATE UNIQUE INDEX cbu_service_resources_pkey ON public.cbu_service_resources USING btree (id)
public,cbu_service_resources,idx_cbu_service_resources_cbu,CREATE INDEX idx_cbu_service_resources_cbu ON public.cbu_service_resources USING btree (cbu_id)
public,client_business_units,client_business_units_cbu_id_key,CREATE UNIQUE INDEX client_business_units_cbu_id_key ON public.client_business_units USING btree (cbu_id)
public,client_business_units,client_business_units_pkey,CREATE UNIQUE INDEX client_business_units_pkey ON public.client_business_units USING btree (id)
public,client_business_units,idx_cbu_business_type,CREATE INDEX idx_cbu_business_type ON public.client_business_units USING btree (business_type)
public,client_business_units,idx_cbu_cbu_id,CREATE INDEX idx_cbu_cbu_id ON public.client_business_units USING btree (cbu_id)
public,client_business_units,idx_cbu_country,CREATE INDEX idx_cbu_country ON public.client_business_units USING btree (domicile_country)
public,client_business_units,idx_cbu_created_date,CREATE INDEX idx_cbu_created_date ON public.client_business_units USING btree (created_date)
public,client_business_units,idx_cbu_primary_lei,CREATE INDEX idx_cbu_primary_lei ON public.client_business_units USING btree (primary_lei)
public,client_business_units,idx_cbu_status,CREATE INDEX idx_cbu_status ON public.client_business_units USING btree (status)
public,commercial_contracts,commercial_contracts_contract_id_key,CREATE UNIQUE INDEX commercial_contracts_contract_id_key ON public.commercial_contracts USING btree (contract_id)
public,commercial_contracts,commercial_contracts_pkey,CREATE UNIQUE INDEX commercial_contracts_pkey ON public.commercial_contracts USING btree (id)
public,commercial_contracts,idx_commercial_contracts_customer,CREATE INDEX idx_commercial_contracts_customer ON public.commercial_contracts USING btree (customer_entity_id)
public,commercial_contracts,idx_commercial_contracts_product,CREATE INDEX idx_commercial_contracts_product ON public.commercial_contracts USING btree (product_id)
public,commercial_contracts,idx_commercial_contracts_status,CREATE INDEX idx_commercial_contracts_status ON public.commercial_contracts USING btree (contract_status)
public,data_domains,data_domains_domain_name_key,CREATE UNIQUE INDEX data_domains_domain_name_key ON public.data_domains USING btree (domain_name)
public,data_domains,data_domains_pkey,CREATE UNIQUE INDEX data_domains_pkey ON public.data_domains USING btree (id)
public,derivation_execution_log,derivation_execution_log_pkey,CREATE UNIQUE INDEX derivation_execution_log_pkey ON public.derivation_execution_log USING btree (id)
public,derivation_execution_log,idx_derivation_execution_log_attr,CREATE INDEX idx_derivation_execution_log_attr ON public.derivation_execution_log USING btree (derived_attribute_id)
public,derivation_execution_log,idx_derivation_execution_log_timestamp,CREATE INDEX idx_derivation_execution_log_timestamp ON public.derivation_execution_log USING btree (execution_timestamp)
public,derived_attribute_quality_metrics,derived_attribute_quality_metrics_attribute_id_metric_date_key,"CREATE UNIQUE INDEX derived_attribute_quality_metrics_attribute_id_metric_date_key ON public.derived_attribute_quality_metrics USING btree (attribute_id, metric_date)"
public,derived_attribute_quality_metrics,derived_attribute_quality_metrics_pkey,CREATE UNIQUE INDEX derived_attribute_quality_metrics_pkey ON public.derived_attribute_quality_metrics USING btree (id)
public,derived_attribute_rules,derived_attribute_rules_pkey,CREATE UNIQUE INDEX derived_attribute_rules_pkey ON public.derived_attribute_rules USING btree (id)
public,derived_attribute_rules,idx_derived_attribute_rules_derived_attr,CREATE INDEX idx_derived_attribute_rules_derived_attr ON public.derived_attribute_rules USING btree (derived_attribute_id)
public,derived_attributes,derived_attributes_entity_name_attribute_name_key,"CREATE UNIQUE INDEX derived_attributes_entity_name_attribute_name_key ON public.derived_attributes USING btree (entity_name, attribute_name)"
public,derived_attributes,derived_attributes_pkey,CREATE UNIQUE INDEX derived_attributes_pkey ON public.derived_attributes USING btree (id)
public,derived_attributes,idx_derived_attrs_entity,CREATE INDEX idx_derived_attrs_entity ON public.derived_attributes USING btree (entity_name)
public,domain_terminology_glossary,domain_terminology_glossary_pkey,CREATE UNIQUE INDEX domain_terminology_glossary_pkey ON public.domain_terminology_glossary USING btree (id)
public,domain_terminology_glossary,domain_terminology_glossary_term_key,CREATE UNIQUE INDEX domain_terminology_glossary_term_key ON public.domain_terminology_glossary USING btree (term)
public,domain_terminology_glossary,idx_domain_terminology_glossary_term,"CREATE INDEX idx_domain_terminology_glossary_term ON public.domain_terminology_glossary USING gin (to_tsvector('english'::regconfig, (((term)::text || ' '::text) || definition)))"
public,dsl_execution_logs,dsl_execution_logs_pkey,CREATE UNIQUE INDEX dsl_execution_logs_pkey ON public.dsl_execution_logs USING btree (execution_id)
public,dsl_execution_logs,idx_dsl_execution_logs_executed,CREATE INDEX idx_dsl_execution_logs_executed ON public.dsl_execution_logs USING btree (executed_at)
public,dsl_execution_logs,idx_dsl_execution_logs_instance,CREATE INDEX idx_dsl_execution_logs_instance ON public.dsl_execution_logs USING btree (instance_id)
public,dsl_execution_logs,idx_dsl_execution_logs_status,CREATE INDEX idx_dsl_execution_logs_status ON public.dsl_execution_logs USING btree (execution_status)
public,ebnf_grammar_templates,ebnf_grammar_templates_pkey,CREATE UNIQUE INDEX ebnf_grammar_templates_pkey ON public.ebnf_grammar_templates USING btree (id)
public,ebnf_grammar_templates,ebnf_grammar_templates_template_name_key,CREATE UNIQUE INDEX ebnf_grammar_templates_template_name_key ON public.ebnf_grammar_templates USING btree (template_name)
public,entity_attribute_values,entity_attribute_values_entity_id_attribute_id_effective_fr_key,"CREATE UNIQUE INDEX entity_attribute_values_entity_id_attribute_id_effective_fr_key ON public.entity_attribute_values USING btree (entity_id, attribute_id, effective_from)"
public,entity_attribute_values,entity_attribute_values_pkey,CREATE UNIQUE INDEX entity_attribute_values_pkey ON public.entity_attribute_values USING btree (id)
public,entity_attribute_values,idx_entity_attr_values_attr,CREATE INDEX idx_entity_attr_values_attr ON public.entity_attribute_values USING btree (attribute_id)
public,entity_attribute_values,idx_entity_attr_values_current,CREATE INDEX idx_entity_attr_values_current ON public.entity_attribute_values USING btree (is_current)
public,entity_attribute_values,idx_entity_attr_values_entity,CREATE INDEX idx_entity_attr_values_entity ON public.entity_attribute_values USING btree (entity_id)
public,entity_relationships,entity_relationships_parent_entity_id_child_entity_id_relat_key,"CREATE UNIQUE INDEX entity_relationships_parent_entity_id_child_entity_id_relat_key ON public.entity_relationships USING btree (parent_entity_id, child_entity_id, relationship_type)"
public,entity_relationships,entity_relationships_pkey,CREATE UNIQUE INDEX entity_relationships_pkey ON public.entity_relationships USING btree (id)
public,entity_relationships,idx_entity_relationships_child,CREATE INDEX idx_entity_relationships_child ON public.entity_relationships USING btree (child_entity_id)
public,entity_relationships,idx_entity_relationships_parent,CREATE INDEX idx_entity_relationships_parent ON public.entity_relationships USING btree (parent_entity_id)
public,entity_relationships,idx_entity_relationships_type,CREATE INDEX idx_entity_relationships_type ON public.entity_relationships USING btree (relationship_type)
public,form_layout_templates,form_layout_templates_pkey,CREATE UNIQUE INDEX form_layout_templates_pkey ON public.form_layout_templates USING btree (id)
public,form_layout_templates,form_layout_templates_template_name_key,CREATE UNIQUE INDEX form_layout_templates_template_name_key ON public.form_layout_templates USING btree (template_name)
public,grammar_extensions,grammar_extensions_pkey,CREATE UNIQUE INDEX grammar_extensions_pkey ON public.grammar_extensions USING btree (id)
public,grammar_extensions,idx_grammar_extensions_category,CREATE INDEX idx_grammar_extensions_category ON public.grammar_extensions USING btree (category)
public,grammar_extensions,idx_grammar_extensions_type,CREATE INDEX idx_grammar_extensions_type ON public.grammar_extensions USING btree (type)
public,grammar_metadata,grammar_metadata_pkey,CREATE UNIQUE INDEX grammar_metadata_pkey ON public.grammar_metadata USING btree (id)
public,grammar_rules,grammar_rules_name_key,CREATE UNIQUE INDEX grammar_rules_name_key ON public.grammar_rules USING btree (name)
public,grammar_rules,grammar_rules_pkey,CREATE UNIQUE INDEX grammar_rules_pkey ON public.grammar_rules USING btree (id)
public,grammar_rules,idx_grammar_rules_category,CREATE INDEX idx_grammar_rules_category ON public.grammar_rules USING btree (category)
public,grammar_rules,idx_grammar_rules_name,CREATE INDEX idx_grammar_rules_name ON public.grammar_rules USING btree (name)
public,instruction_formats,idx_instruction_formats_category,CREATE INDEX idx_instruction_formats_category ON public.instruction_formats USING btree (format_category)
public,instruction_formats,idx_instruction_formats_standard,CREATE INDEX idx_instruction_formats_standard ON public.instruction_formats USING btree (message_standard)
public,instruction_formats,instruction_formats_format_id_key,CREATE UNIQUE INDEX instruction_formats_format_id_key ON public.instruction_formats USING btree (format_id)
public,instruction_formats,instruction_formats_pkey,CREATE UNIQUE INDEX instruction_formats_pkey ON public.instruction_formats USING btree (id)
public,instrument_taxonomy,idx_instrument_taxonomy_asset_class,CREATE INDEX idx_instrument_taxonomy_asset_class ON public.instrument_taxonomy USING btree (asset_class)
public,instrument_taxonomy,idx_instrument_taxonomy_class,CREATE INDEX idx_instrument_taxonomy_class ON public.instrument_taxonomy USING btree (instrument_class)
public,instrument_taxonomy,idx_instrument_taxonomy_risk,CREATE INDEX idx_instrument_taxonomy_risk ON public.instrument_taxonomy USING btree (risk_category)
public,instrument_taxonomy,instrument_taxonomy_instrument_code_key,CREATE UNIQUE INDEX instrument_taxonomy_instrument_code_key ON public.instrument_taxonomy USING btree (instrument_code)
public,instrument_taxonomy,instrument_taxonomy_pkey,CREATE UNIQUE INDEX instrument_taxonomy_pkey ON public.instrument_taxonomy USING btree (id)
public,investment_mandates,idx_investment_mandates_cbu,CREATE INDEX idx_investment_mandates_cbu ON public.investment_mandates USING btree (cbu_id)
public,investment_mandates,idx_mandates_asset_owner_lei,CREATE INDEX idx_mandates_asset_owner_lei ON public.investment_mandates USING btree (asset_owner_lei)
public,investment_mandates,idx_mandates_cbu_id,CREATE INDEX idx_mandates_cbu_id ON public.investment_mandates USING btree (cbu_id)
public,investment_mandates,idx_mandates_effective_date,CREATE INDEX idx_mandates_effective_date ON public.investment_mandates USING btree (effective_date)
public,investment_mandates,idx_mandates_expiry_date,CREATE INDEX idx_mandates_expiry_date ON public.investment_mandates USING btree (expiry_date)
public,investment_mandates,idx_mandates_investment_manager_lei,CREATE INDEX idx_mandates_investment_manager_lei ON public.investment_mandates USING btree (investment_manager_lei)
public,investment_mandates,investment_mandates_pkey,CREATE UNIQUE INDEX investment_mandates_pkey ON public.investment_mandates USING btree (mandate_id)
public,kyc_onboarding_domains,kyc_onboarding_domains_domain_name_key,CREATE UNIQUE INDEX kyc_onboarding_domains_domain_name_key ON public.kyc_onboarding_domains USING btree (domain_name)
public,kyc_onboarding_domains,kyc_onboarding_domains_pkey,CREATE UNIQUE INDEX kyc_onboarding_domains_pkey ON public.kyc_onboarding_domains USING btree (id)
public,legal_entities,idx_legal_entities_country,CREATE INDEX idx_legal_entities_country ON public.legal_entities USING btree (incorporation_country)
public,legal_entities,idx_legal_entities_kyc,CREATE INDEX idx_legal_entities_kyc ON public.legal_entities USING btree (kyc_status)
public,legal_entities,idx_legal_entities_lei,CREATE INDEX idx_legal_entities_lei ON public.legal_entities USING btree (lei_code)
public,legal_entities,idx_legal_entities_reg_num,CREATE INDEX idx_legal_entities_reg_num ON public.legal_entities USING btree (registration_number)
public,legal_entities,idx_legal_entities_risk,CREATE INDEX idx_legal_entities_risk ON public.legal_entities USING btree (risk_rating)
public,legal_entities,idx_legal_entities_status,CREATE INDEX idx_legal_entities_status ON public.legal_entities USING btree (status)
public,legal_entities,idx_legal_entities_type,CREATE INDEX idx_legal_entities_type ON public.legal_entities USING btree (entity_type)
public,legal_entities,legal_entities_entity_id_key,CREATE UNIQUE INDEX legal_entities_entity_id_key ON public.legal_entities USING btree (entity_id)
public,legal_entities,legal_entities_lei_code_key,CREATE UNIQUE INDEX legal_entities_lei_code_key ON public.legal_entities USING btree (lei_code)
public,legal_entities,legal_entities_pkey,CREATE UNIQUE INDEX legal_entities_pkey ON public.legal_entities USING btree (id)
public,mandate_benchmarks,idx_benchmarks_mandate_id,CREATE INDEX idx_benchmarks_mandate_id ON public.mandate_benchmarks USING btree (mandate_id)
public,mandate_benchmarks,mandate_benchmarks_mandate_id_benchmark_name_key,"CREATE UNIQUE INDEX mandate_benchmarks_mandate_id_benchmark_name_key ON public.mandate_benchmarks USING btree (mandate_id, benchmark_name)"
public,mandate_benchmarks,mandate_benchmarks_pkey,CREATE UNIQUE INDEX mandate_benchmarks_pkey ON public.mandate_benchmarks USING btree (id)
public,mandate_instruction_channels,idx_channels_instrument_id,CREATE INDEX idx_channels_instrument_id ON public.mandate_instruction_channels USING btree (instrument_id)
public,mandate_instruction_channels,mandate_instruction_channels_pkey,CREATE UNIQUE INDEX mandate_instruction_channels_pkey ON public.mandate_instruction_channels USING btree (id)
public,mandate_instrument_identifiers,idx_identifiers_instrument_id,CREATE INDEX idx_identifiers_instrument_id ON public.mandate_instrument_identifiers USING btree (instrument_id)
public,mandate_instrument_identifiers,mandate_instrument_identifier_instrument_id_identifier_type_key,"CREATE UNIQUE INDEX mandate_instrument_identifier_instrument_id_identifier_type_key ON public.mandate_instrument_identifiers USING btree (instrument_id, identifier_type)"
public,mandate_instrument_identifiers,mandate_instrument_identifiers_pkey,CREATE UNIQUE INDEX mandate_instrument_identifiers_pkey ON public.mandate_instrument_identifiers USING btree (id)
public,mandate_instrument_venues,idx_venues_instrument_id,CREATE INDEX idx_venues_instrument_id ON public.mandate_instrument_venues USING btree (instrument_id)
public,mandate_instrument_venues,mandate_instrument_venues_pkey,CREATE UNIQUE INDEX mandate_instrument_venues_pkey ON public.mandate_instrument_venues USING btree (id)
public,mandate_instruments,idx_instruments_family,CREATE INDEX idx_instruments_family ON public.mandate_instruments USING btree (instrument_family)
public,mandate_instruments,idx_instruments_mandate_id,CREATE INDEX idx_instruments_mandate_id ON public.mandate_instruments USING btree (mandate_id)
public,mandate_instruments,mandate_instruments_pkey,CREATE UNIQUE INDEX mandate_instruments_pkey ON public.mandate_instruments USING btree (id)
public,mandate_lifecycle_events,idx_events_instrument_id,CREATE INDEX idx_events_instrument_id ON public.mandate_lifecycle_events USING btree (instrument_id)
public,mandate_lifecycle_events,mandate_lifecycle_events_instrument_id_event_type_key,"CREATE UNIQUE INDEX mandate_lifecycle_events_instrument_id_event_type_key ON public.mandate_lifecycle_events USING btree (instrument_id, event_type)"
public,mandate_lifecycle_events,mandate_lifecycle_events_pkey,CREATE UNIQUE INDEX mandate_lifecycle_events_pkey ON public.mandate_lifecycle_events USING btree (id)
public,mv_data_dictionary,idx_mv_data_dictionary_entity,CREATE INDEX idx_mv_data_dictionary_entity ON public.mv_data_dictionary USING btree (entity_name)
public,mv_data_dictionary,idx_mv_data_dictionary_path,CREATE UNIQUE INDEX idx_mv_data_dictionary_path ON public.mv_data_dictionary USING btree (full_path)
public,mv_data_dictionary,idx_mv_data_dictionary_type,CREATE INDEX idx_mv_data_dictionary_type ON public.mv_data_dictionary USING btree (attribute_type)
public,onboarding_approvals,idx_onboarding_approvals_status,CREATE INDEX idx_onboarding_approvals_status ON public.onboarding_approvals USING btree (approval_status)
public,onboarding_approvals,idx_onboarding_approvals_workflow,CREATE INDEX idx_onboarding_approvals_workflow ON public.onboarding_approvals USING btree (workflow_id)
public,onboarding_approvals,onboarding_approvals_pkey,CREATE UNIQUE INDEX onboarding_approvals_pkey ON public.onboarding_approvals USING btree (id)
public,onboarding_dependencies,idx_onboarding_dependencies_workflow,CREATE INDEX idx_onboarding_dependencies_workflow ON public.onboarding_dependencies USING btree (workflow_id)
public,onboarding_dependencies,onboarding_dependencies_pkey,CREATE UNIQUE INDEX onboarding_dependencies_pkey ON public.onboarding_dependencies USING btree (id)
public,onboarding_requests,idx_onboarding_cbu,CREATE INDEX idx_onboarding_cbu ON public.onboarding_requests USING btree (cbu_id)
public,onboarding_requests,idx_onboarding_product,CREATE INDEX idx_onboarding_product ON public.onboarding_requests USING btree (product_id)
public,onboarding_requests,idx_onboarding_status,CREATE INDEX idx_onboarding_status ON public.onboarding_requests USING btree (request_status)
public,onboarding_requests,onboarding_requests_pkey,CREATE UNIQUE INDEX onboarding_requests_pkey ON public.onboarding_requests USING btree (id)
public,onboarding_requests,onboarding_requests_request_id_key,CREATE UNIQUE INDEX onboarding_requests_request_id_key ON public.onboarding_requests USING btree (request_id)
public,onboarding_resource_tasks,idx_onboarding_resource_tasks_order,"CREATE INDEX idx_onboarding_resource_tasks_order ON public.onboarding_resource_tasks USING btree (workflow_id, task_order)"
public,onboarding_resource_tasks,idx_onboarding_resource_tasks_status,CREATE INDEX idx_onboarding_resource_tasks_status ON public.onboarding_resource_tasks USING btree (task_status)
public,onboarding_resource_tasks,idx_onboarding_resource_tasks_workflow,CREATE INDEX idx_onboarding_resource_tasks_workflow ON public.onboarding_resource_tasks USING btree (workflow_id)
public,onboarding_resource_tasks,onboarding_resource_tasks_pkey,CREATE UNIQUE INDEX onboarding_resource_tasks_pkey ON public.onboarding_resource_tasks USING btree (id)
public,onboarding_tasks,idx_onboarding_tasks_request,CREATE INDEX idx_onboarding_tasks_request ON public.onboarding_tasks USING btree (onboarding_request_id)
public,onboarding_tasks,idx_onboarding_tasks_resource,CREATE INDEX idx_onboarding_tasks_resource ON public.onboarding_tasks USING btree (resource_id)
public,onboarding_tasks,onboarding_tasks_onboarding_request_id_task_id_key,"CREATE UNIQUE INDEX onboarding_tasks_onboarding_request_id_task_id_key ON public.onboarding_tasks USING btree (onboarding_request_id, task_id)"
public,onboarding_tasks,onboarding_tasks_pkey,CREATE UNIQUE INDEX onboarding_tasks_pkey ON public.onboarding_tasks USING btree (id)
public,onboarding_workflows,idx_onboarding_workflows_cbu,CREATE INDEX idx_onboarding_workflows_cbu ON public.onboarding_workflows USING btree (cbu_id)
public,onboarding_workflows,idx_onboarding_workflows_priority,CREATE INDEX idx_onboarding_workflows_priority ON public.onboarding_workflows USING btree (priority)
public,onboarding_workflows,idx_onboarding_workflows_status,CREATE INDEX idx_onboarding_workflows_status ON public.onboarding_workflows USING btree (workflow_status)
public,onboarding_workflows,idx_onboarding_workflows_target_date,CREATE INDEX idx_onboarding_workflows_target_date ON public.onboarding_workflows USING btree (target_go_live_date)
public,onboarding_workflows,onboarding_workflows_pkey,CREATE UNIQUE INDEX onboarding_workflows_pkey ON public.onboarding_workflows USING btree (id)
public,onboarding_workflows,onboarding_workflows_workflow_id_key,CREATE UNIQUE INDEX onboarding_workflows_workflow_id_key ON public.onboarding_workflows USING btree (workflow_id)
public,persistence_entities,persistence_entities_pkey,CREATE UNIQUE INDEX persistence_entities_pkey ON public.persistence_entities USING btree (id)
public,persistence_entities,persistence_entities_system_id_entity_name_key,"CREATE UNIQUE INDEX persistence_entities_system_id_entity_name_key ON public.persistence_entities USING btree (system_id, entity_name)"
public,persistence_systems,persistence_systems_pkey,CREATE UNIQUE INDEX persistence_systems_pkey ON public.persistence_systems USING btree (id)
public,persistence_systems,persistence_systems_system_name_key,CREATE UNIQUE INDEX persistence_systems_system_name_key ON public.persistence_systems USING btree (system_name)
public,product_option_service_mappings,idx_product_option_service_mappings_option,CREATE INDEX idx_product_option_service_mappings_option ON public.product_option_service_mappings USING btree (product_option_id)
public,product_option_service_mappings,idx_product_option_service_mappings_relationship,CREATE INDEX idx_product_option_service_mappings_relationship ON public.product_option_service_mappings USING btree (mapping_relationship)
public,product_option_service_mappings,idx_product_option_service_mappings_service,CREATE INDEX idx_product_option_service_mappings_service ON public.product_option_service_mappings USING btree (service_id)
public,product_option_service_mappings,product_option_service_mappin_product_option_id_service_id__key,"CREATE UNIQUE INDEX product_option_service_mappin_product_option_id_service_id__key ON public.product_option_service_mappings USING btree (product_option_id, service_id, mapping_relationship)"
public,product_option_service_mappings,product_option_service_mappings_pkey,CREATE UNIQUE INDEX product_option_service_mappings_pkey ON public.product_option_service_mappings USING btree (id)
public,product_options,idx_product_options_category,CREATE INDEX idx_product_options_category ON public.product_options USING btree (option_category)
public,product_options,idx_product_options_product,CREATE INDEX idx_product_options_product ON public.product_options USING btree (product_id)
public,product_options,idx_product_options_status,CREATE INDEX idx_product_options_status ON public.product_options USING btree (status)
public,product_options,idx_product_options_type,CREATE INDEX idx_product_options_type ON public.product_options USING btree (option_type)
public,product_options,product_options_option_id_key,CREATE UNIQUE INDEX product_options_option_id_key ON public.product_options USING btree (option_id)
public,product_options,product_options_pkey,CREATE UNIQUE INDEX product_options_pkey ON public.product_options USING btree (id)
public,product_service_mappings,idx_product_service_mappings_product,CREATE INDEX idx_product_service_mappings_product ON public.product_service_mappings USING btree (product_id)
public,product_service_mappings,idx_product_service_mappings_service,CREATE INDEX idx_product_service_mappings_service ON public.product_service_mappings USING btree (service_id)
public,product_service_mappings,idx_product_service_mappings_type,CREATE INDEX idx_product_service_mappings_type ON public.product_service_mappings USING btree (mapping_type)
public,product_service_mappings,product_service_mappings_pkey,CREATE UNIQUE INDEX product_service_mappings_pkey ON public.product_service_mappings USING btree (id)
public,product_service_mappings,product_service_mappings_product_id_service_id_mapping_type_key,"CREATE UNIQUE INDEX product_service_mappings_product_id_service_id_mapping_type_key ON public.product_service_mappings USING btree (product_id, service_id, mapping_type)"
public,product_services,idx_product_services_product,CREATE INDEX idx_product_services_product ON public.product_services USING btree (product_id)
public,product_services,idx_product_services_service,CREATE INDEX idx_product_services_service ON public.product_services USING btree (service_id)
public,product_services,product_services_pkey,CREATE UNIQUE INDEX product_services_pkey ON public.product_services USING btree (id)
public,product_services,product_services_product_id_service_id_key,"CREATE UNIQUE INDEX product_services_product_id_service_id_key ON public.product_services USING btree (product_id, service_id)"
public,products,idx_products_commercial_status,CREATE INDEX idx_products_commercial_status ON public.products USING btree (commercial_status)
public,products,idx_products_contract_type,CREATE INDEX idx_products_contract_type ON public.products USING btree (contract_type)
public,products,idx_products_line_of_business,CREATE INDEX idx_products_line_of_business ON public.products USING btree (line_of_business)
public,products,idx_products_status,CREATE INDEX idx_products_status ON public.products USING btree (status)
public,products,products_pkey,CREATE UNIQUE INDEX products_pkey ON public.products USING btree (id)
public,products,products_product_id_key,CREATE UNIQUE INDEX products_product_id_key ON public.products USING btree (product_id)
public,resource_attribute_dependencies,resource_attribute_dependenci_source_resource_id_target_res_key,"CREATE UNIQUE INDEX resource_attribute_dependenci_source_resource_id_target_res_key ON public.resource_attribute_dependencies USING btree (source_resource_id, target_resource_id, dependency_type)"
public,resource_attribute_dependencies,resource_attribute_dependencies_pkey,CREATE UNIQUE INDEX resource_attribute_dependencies_pkey ON public.resource_attribute_dependencies USING btree (id)
public,resource_attribute_templates,idx_resource_attribute_templates_category,CREATE INDEX idx_resource_attribute_templates_category ON public.resource_attribute_templates USING btree (category)
public,resource_attribute_templates,resource_attribute_templates_pkey,CREATE UNIQUE INDEX resource_attribute_templates_pkey ON public.resource_attribute_templates USING btree (id)
public,resource_attribute_templates,resource_attribute_templates_template_name_key,CREATE UNIQUE INDEX resource_attribute_templates_template_name_key ON public.resource_attribute_templates USING btree (template_name)
public,resource_attribute_versions,idx_resource_attribute_versions_active,CREATE INDEX idx_resource_attribute_versions_active ON public.resource_attribute_versions USING btree (is_active)
public,resource_attribute_versions,idx_resource_attribute_versions_resource,CREATE INDEX idx_resource_attribute_versions_resource ON public.resource_attribute_versions USING btree (resource_id)
public,resource_attribute_versions,resource_attribute_versions_pkey,CREATE UNIQUE INDEX resource_attribute_versions_pkey ON public.resource_attribute_versions USING btree (id)
public,resource_attribute_versions,resource_attribute_versions_resource_id_version_number_key,"CREATE UNIQUE INDEX resource_attribute_versions_resource_id_version_number_key ON public.resource_attribute_versions USING btree (resource_id, version_number)"
public,resource_capabilities,idx_resource_capabilities_capability_id,CREATE INDEX idx_resource_capabilities_capability_id ON public.resource_capabilities USING btree (capability_id)
public,resource_capabilities,idx_resource_capabilities_type,CREATE INDEX idx_resource_capabilities_type ON public.resource_capabilities USING btree (capability_type)
public,resource_capabilities,resource_capabilities_capability_id_key,CREATE UNIQUE INDEX resource_capabilities_capability_id_key ON public.resource_capabilities USING btree (capability_id)
public,resource_capabilities,resource_capabilities_pkey,CREATE UNIQUE INDEX resource_capabilities_pkey ON public.resource_capabilities USING btree (id)
public,resource_dependencies,resource_dependencies_dependent_resource_id_prerequisite_re_key,"CREATE UNIQUE INDEX resource_dependencies_dependent_resource_id_prerequisite_re_key ON public.resource_dependencies USING btree (dependent_resource_id, prerequisite_resource_id)"
public,resource_dependencies,resource_dependencies_pkey,CREATE UNIQUE INDEX resource_dependencies_pkey ON public.resource_dependencies USING btree (id)
public,resource_dictionaries,idx_resource_dictionaries_name,CREATE INDEX idx_resource_dictionaries_name ON public.resource_dictionaries USING btree (dictionary_name)
public,resource_dictionaries,resource_dictionaries_dictionary_name_key,CREATE UNIQUE INDEX resource_dictionaries_dictionary_name_key ON public.resource_dictionaries USING btree (dictionary_name)
public,resource_dictionaries,resource_dictionaries_pkey,CREATE UNIQUE INDEX resource_dictionaries_pkey ON public.resource_dictionaries USING btree (id)
public,resource_instances,idx_resource_instances_created,CREATE INDEX idx_resource_instances_created ON public.resource_instances USING btree (created_at)
public,resource_instances,idx_resource_instances_data,CREATE INDEX idx_resource_instances_data ON public.resource_instances USING gin (instance_data)
public,resource_instances,idx_resource_instances_onboarding,CREATE INDEX idx_resource_instances_onboarding ON public.resource_instances USING btree (onboarding_request_id)
public,resource_instances,idx_resource_instances_status,CREATE INDEX idx_resource_instances_status ON public.resource_instances USING btree (status)
public,resource_instances,idx_resource_instances_template,CREATE INDEX idx_resource_instances_template ON public.resource_instances USING btree (template_id)
public,resource_instances,resource_instances_pkey,CREATE UNIQUE INDEX resource_instances_pkey ON public.resource_instances USING btree (instance_id)
public,resource_objects,idx_resource_objects_category,CREATE INDEX idx_resource_objects_category ON public.resource_objects USING btree (category)
public,resource_objects,idx_resource_objects_dictionary,CREATE INDEX idx_resource_objects_dictionary ON public.resource_objects USING btree (dictionary_id)
public,resource_objects,idx_resource_objects_name,CREATE INDEX idx_resource_objects_name ON public.resource_objects USING btree (resource_name)
public,resource_objects,idx_resources_criticality,CREATE INDEX idx_resources_criticality ON public.resource_objects USING btree (criticality_level)
public,resource_objects,resource_objects_dictionary_id_resource_name_key,"CREATE UNIQUE INDEX resource_objects_dictionary_id_resource_name_key ON public.resource_objects USING btree (dictionary_id, resource_name)"
public,resource_objects,resource_objects_pkey,CREATE UNIQUE INDEX resource_objects_pkey ON public.resource_objects USING btree (id)
public,resource_sheet_execution_logs,idx_execution_logs_execution,CREATE INDEX idx_execution_logs_execution ON public.resource_sheet_execution_logs USING btree (execution_id)
public,resource_sheet_execution_logs,idx_execution_logs_resource,CREATE INDEX idx_execution_logs_resource ON public.resource_sheet_execution_logs USING btree (resource_id)
public,resource_sheet_execution_logs,idx_execution_logs_timestamp,"CREATE INDEX idx_execution_logs_timestamp ON public.resource_sheet_execution_logs USING btree (""timestamp"")"
public,resource_sheet_execution_logs,resource_sheet_execution_logs_pkey,CREATE UNIQUE INDEX resource_sheet_execution_logs_pkey ON public.resource_sheet_execution_logs USING btree (log_id)
public,resource_sheet_relationships,idx_relationships_child,CREATE INDEX idx_relationships_child ON public.resource_sheet_relationships USING btree (child_resource_id)
public,resource_sheet_relationships,idx_relationships_parent,CREATE INDEX idx_relationships_parent ON public.resource_sheet_relationships USING btree (parent_resource_id)
public,resource_sheet_relationships,resource_sheet_relationships_parent_resource_id_child_resou_key,"CREATE UNIQUE INDEX resource_sheet_relationships_parent_resource_id_child_resou_key ON public.resource_sheet_relationships USING btree (parent_resource_id, child_resource_id, relationship_type)"
public,resource_sheet_relationships,resource_sheet_relationships_pkey,CREATE UNIQUE INDEX resource_sheet_relationships_pkey ON public.resource_sheet_relationships USING btree (relationship_id)
public,resource_sheets,idx_resource_sheets_client,CREATE INDEX idx_resource_sheets_client ON public.resource_sheets USING btree (client_id)
public,resource_sheets,idx_resource_sheets_created,CREATE INDEX idx_resource_sheets_created ON public.resource_sheets USING btree (created_at)
public,resource_sheets,idx_resource_sheets_json,CREATE INDEX idx_resource_sheets_json ON public.resource_sheets USING gin (json_data)
public,resource_sheets,idx_resource_sheets_status,CREATE INDEX idx_resource_sheets_status ON public.resource_sheets USING btree (status)
public,resource_sheets,idx_resource_sheets_tags,CREATE INDEX idx_resource_sheets_tags ON public.resource_sheets USING gin (tags)
public,resource_sheets,idx_resource_sheets_type,CREATE INDEX idx_resource_sheets_type ON public.resource_sheets USING btree (resource_type)
public,resource_sheets,resource_sheets_pkey,CREATE UNIQUE INDEX resource_sheets_pkey ON public.resource_sheets USING btree (resource_id)
public,resource_template_capabilities,idx_resource_template_capabilities_capability,CREATE INDEX idx_resource_template_capabilities_capability ON public.resource_template_capabilities USING btree (capability_id)
public,resource_template_capabilities,idx_resource_template_capabilities_template,CREATE INDEX idx_resource_template_capabilities_template ON public.resource_template_capabilities USING btree (template_id)
public,resource_template_capabilities,resource_template_capabilities_pkey,CREATE UNIQUE INDEX resource_template_capabilities_pkey ON public.resource_template_capabilities USING btree (id)
public,resource_template_capabilities,resource_template_capabilities_template_id_capability_id_key,"CREATE UNIQUE INDEX resource_template_capabilities_template_id_capability_id_key ON public.resource_template_capabilities USING btree (template_id, capability_id)"
public,resource_templates,idx_resource_templates_product,CREATE INDEX idx_resource_templates_product ON public.resource_templates USING btree (part_of_product)
public,resource_templates,idx_resource_templates_service,CREATE INDEX idx_resource_templates_service ON public.resource_templates USING btree (implements_service)
public,resource_templates,idx_resource_templates_template_id,CREATE INDEX idx_resource_templates_template_id ON public.resource_templates USING btree (template_id)
public,resource_templates,resource_templates_pkey,CREATE UNIQUE INDEX resource_templates_pkey ON public.resource_templates USING btree (id)
public,resource_templates,resource_templates_template_id_key,CREATE UNIQUE INDEX resource_templates_template_id_key ON public.resource_templates USING btree (template_id)
public,resource_validation_rules,idx_resource_validation_rules_active,CREATE INDEX idx_resource_validation_rules_active ON public.resource_validation_rules USING btree (is_active)
public,resource_validation_rules,idx_resource_validation_rules_resource,CREATE INDEX idx_resource_validation_rules_resource ON public.resource_validation_rules USING btree (resource_id)
public,resource_validation_rules,resource_validation_rules_pkey,CREATE UNIQUE INDEX resource_validation_rules_pkey ON public.resource_validation_rules USING btree (id)
public,resource_validation_rules,resource_validation_rules_resource_id_rule_name_key,"CREATE UNIQUE INDEX resource_validation_rules_resource_id_rule_name_key ON public.resource_validation_rules USING btree (resource_id, rule_name)"
public,resources,idx_resources_status,CREATE INDEX idx_resources_status ON public.resources USING btree (status)
public,resources,idx_resources_type,CREATE INDEX idx_resources_type ON public.resources USING btree (resource_type)
public,resources,resources_pkey,CREATE UNIQUE INDEX resources_pkey ON public.resources USING btree (id)
public,resources,resources_resource_id_key,CREATE UNIQUE INDEX resources_resource_id_key ON public.resources USING btree (resource_id)
public,role_service_access,role_service_access_cbu_role_id_service_id_key,"CREATE UNIQUE INDEX role_service_access_cbu_role_id_service_id_key ON public.role_service_access USING btree (cbu_role_id, service_id)"
public,role_service_access,role_service_access_pkey,CREATE UNIQUE INDEX role_service_access_pkey ON public.role_service_access USING btree (id)
public,rule_categories,rule_categories_category_key_key,CREATE UNIQUE INDEX rule_categories_category_key_key ON public.rule_categories USING btree (category_key)
public,rule_categories,rule_categories_pkey,CREATE UNIQUE INDEX rule_categories_pkey ON public.rule_categories USING btree (id)
public,rule_compilation_queue,idx_compilation_queue_status,"CREATE INDEX idx_compilation_queue_status ON public.rule_compilation_queue USING btree (status, priority DESC)"
public,rule_compilation_queue,rule_compilation_queue_pkey,CREATE UNIQUE INDEX rule_compilation_queue_pkey ON public.rule_compilation_queue USING btree (id)
public,rule_compilation_queue,rule_compilation_queue_rule_id_compilation_type_status_key,"CREATE UNIQUE INDEX rule_compilation_queue_rule_id_compilation_type_status_key ON public.rule_compilation_queue USING btree (rule_id, compilation_type, status)"
public,rule_dependencies,idx_rule_deps_attr,CREATE INDEX idx_rule_deps_attr ON public.rule_dependencies USING btree (attribute_id)
public,rule_dependencies,idx_rule_deps_rule,CREATE INDEX idx_rule_deps_rule ON public.rule_dependencies USING btree (rule_id)
public,rule_dependencies,rule_dependencies_pkey,CREATE UNIQUE INDEX rule_dependencies_pkey ON public.rule_dependencies USING btree (id)
public,rule_dependencies,rule_dependencies_rule_id_attribute_id_key,"CREATE UNIQUE INDEX rule_dependencies_rule_id_attribute_id_key ON public.rule_dependencies USING btree (rule_id, attribute_id)"
public,rule_execution_stats,idx_rule_execution_stats_date,CREATE INDEX idx_rule_execution_stats_date ON public.rule_execution_stats USING btree (execution_date DESC)
public,rule_execution_stats,rule_execution_stats_pkey,CREATE UNIQUE INDEX rule_execution_stats_pkey ON public.rule_execution_stats USING btree (id)
public,rule_execution_stats,rule_execution_stats_rule_id_execution_date_key,"CREATE UNIQUE INDEX rule_execution_stats_rule_id_execution_date_key ON public.rule_execution_stats USING btree (rule_id, execution_date)"
public,rule_executions,idx_executions_rule,CREATE INDEX idx_executions_rule ON public.rule_executions USING btree (rule_id)
public,rule_executions,idx_executions_time,CREATE INDEX idx_executions_time ON public.rule_executions USING btree (execution_time)
public,rule_executions,rule_executions_pkey,CREATE UNIQUE INDEX rule_executions_pkey ON public.rule_executions USING btree (id)
public,rule_versions,rule_versions_pkey,CREATE UNIQUE INDEX rule_versions_pkey ON public.rule_versions USING btree (id)
public,rule_versions,rule_versions_rule_id_version_key,"CREATE UNIQUE INDEX rule_versions_rule_id_version_key ON public.rule_versions USING btree (rule_id, version)"
public,rules,idx_rules_category,CREATE INDEX idx_rules_category ON public.rules USING btree (category_id)
public,rules,idx_rules_compilation_status,CREATE INDEX idx_rules_compilation_status ON public.rules USING btree (compilation_status)
public,rules,idx_rules_embedding,CREATE INDEX idx_rules_embedding ON public.rules USING hnsw (embedding vector_cosine_ops)
public,rules,idx_rules_search,CREATE INDEX idx_rules_search ON public.rules USING gin (search_vector)
public,rules,idx_rules_status,CREATE INDEX idx_rules_status ON public.rules USING btree (status)
public,rules,idx_rules_target,CREATE INDEX idx_rules_target ON public.rules USING btree (target_attribute_id)
public,rules,idx_rules_target_attribute,CREATE INDEX idx_rules_target_attribute ON public.rules USING btree (target_attribute_id)
public,rules,rules_pkey,CREATE UNIQUE INDEX rules_pkey ON public.rules USING btree (id)
public,rules,rules_rule_id_key,CREATE UNIQUE INDEX rules_rule_id_key ON public.rules USING btree (rule_id)
public,service_resource_mappings,idx_service_resource_mappings_dependency,CREATE INDEX idx_service_resource_mappings_dependency ON public.service_resource_mappings USING btree (dependency_level)
public,service_resource_mappings,idx_service_resource_mappings_resource,CREATE INDEX idx_service_resource_mappings_resource ON public.service_resource_mappings USING btree (resource_id)
public,service_resource_mappings,idx_service_resource_mappings_service,CREATE INDEX idx_service_resource_mappings_service ON public.service_resource_mappings USING btree (service_id)
public,service_resource_mappings,idx_service_resource_mappings_usage,CREATE INDEX idx_service_resource_mappings_usage ON public.service_resource_mappings USING btree (usage_type)
public,service_resource_mappings,service_resource_mappings_pkey,CREATE UNIQUE INDEX service_resource_mappings_pkey ON public.service_resource_mappings USING btree (id)
public,service_resource_mappings,service_resource_mappings_service_id_resource_id_usage_type_key,"CREATE UNIQUE INDEX service_resource_mappings_service_id_resource_id_usage_type_key ON public.service_resource_mappings USING btree (service_id, resource_id, usage_type)"
public,service_resources,idx_service_resources_resource,CREATE INDEX idx_service_resources_resource ON public.service_resources USING btree (resource_id)
public,service_resources,idx_service_resources_service,CREATE INDEX idx_service_resources_service ON public.service_resources USING btree (service_id)
public,service_resources,service_resources_pkey,CREATE UNIQUE INDEX service_resources_pkey ON public.service_resources USING btree (id)
public,service_resources,service_resources_service_id_resource_id_key,"CREATE UNIQUE INDEX service_resources_service_id_resource_id_key ON public.service_resources USING btree (service_id, resource_id)"
public,services,idx_services_category,CREATE INDEX idx_services_category ON public.services USING btree (service_category)
public,services,idx_services_service_type,CREATE INDEX idx_services_service_type ON public.services USING btree (service_type)
public,services,idx_services_status,CREATE INDEX idx_services_status ON public.services USING btree (status)
public,services,services_pkey,CREATE UNIQUE INDEX services_pkey ON public.services USING btree (id)
public,services,services_service_id_key,CREATE UNIQUE INDEX services_service_id_key ON public.services USING btree (service_id)
public,ui_component_templates,ui_component_templates_pkey,CREATE UNIQUE INDEX ui_component_templates_pkey ON public.ui_component_templates USING btree (id)
public,ui_component_templates,ui_component_templates_template_name_key,CREATE UNIQUE INDEX ui_component_templates_template_name_key ON public.ui_component_templates USING btree (template_name)
public,ui_layout_groups,idx_ui_layout_groups_resource,CREATE INDEX idx_ui_layout_groups_resource ON public.ui_layout_groups USING btree (resource_id)
public,ui_layout_groups,ui_layout_groups_pkey,CREATE UNIQUE INDEX ui_layout_groups_pkey ON public.ui_layout_groups USING btree (id)
public,ui_layout_groups,ui_layout_groups_resource_id_group_name_key,"CREATE UNIQUE INDEX ui_layout_groups_resource_id_group_name_key ON public.ui_layout_groups USING btree (resource_id, group_name)"
public,user_saved_filters,idx_user_saved_filters_last_used,CREATE INDEX idx_user_saved_filters_last_used ON public.user_saved_filters USING btree (last_used)
public,user_saved_filters,idx_user_saved_filters_user,CREATE INDEX idx_user_saved_filters_user ON public.user_saved_filters USING btree (user_id)
public,user_saved_filters,user_saved_filters_pkey,CREATE UNIQUE INDEX user_saved_filters_pkey ON public.user_saved_filters USING btree (id)
public,user_saved_filters,user_saved_filters_user_id_filter_name_key,"CREATE UNIQUE INDEX user_saved_filters_user_id_filter_name_key ON public.user_saved_filters USING btree (user_id, filter_name)"
